tot_claim_cnt_l180d,disb_bank_loan_wo_tbc,day_sinlastloan,tot_active_loans_cnt,tot_active_loans_sum,avg_loan_sum,avg_days_between_contracts
-3,-3,-3,-3,-3,-3,-3.0
22,0,427,0,-1,-1,343.0
-3,-3,-3,-3,-3,-3,-3.0
22,0,427,0,-1,-1,343.0
-3,-3,-3,-3,-3,-3,-3.0
22,0,427,0,-1,-1,343.0
22,0,427,0,-1,-1,343.0
-3,-3,-3,-3,-3,-3,-3.0
13,0,288,1,99995700,99995700,0.0
-3,-3,-3,-3,-3,-3,-3.0
13,0,288,1,99995700,99995700,0.0
-3,-3,-3,-3,-3,-3,-3.0
13,0,288,1,99995700,99995700,0.0
-3,-3,-3,-3,-3,-3,-3.0
13,0,288,1,99995700,99995700,0.0
-3,-3,-3,-3,-3,-3,-3.0
-3,-3,-3,-3,-3,-3,-3.0
13,0,288,1,99995700,99995700,0.0
13,0,288,1,99995700,99995700,0.0
-3,-3,-3,-3,-3,-3,-3.0
-3,-3,-3,-3,-3,-3,-3.0
3,2537851751,170,4,2542652151,635663037,-8.4
3,2537851751,170,4,2542652151,635663037,-8.4
-3,-3,-3,-3,-3,-3,-3.0
3,0,-1,0,-1,-1,-1.0
-3,-3,-3,-3,-3,-3,-3.0
3,0,-1,0,-1,-1,-1.0
-3,-3,-3,-3,-3,-3,-3.0
3,0,-1,0,-1,-1,-1.0
-3,-3,-3,-3,-3,-3,-3.0
3,0,-1,0,-1,-1,-1.0
-3,-3,-3,-3,-3,-3,-3.0
-3,-3,-3,-3,-3,-3,-3.0
4,559300000,158,2,693700000,346850000,199.0
4,559300000,158,2,693700000,346850000,199.0
-3,-3,-3,-3,-3,-3,-3.0
3,0,-1,0,-1,-1,-1.0
3,0,-1,0,-1,-1,-1.0
-3,-3,-3,-3,-3,-3,-3.0
-3,-3,-3,-3,-3,-3,-3.0
50,2176827289,38,3,2176827289,725609096,0.8181818181818182
-3,-3,-3,-3,-3,-3,-3.0
50,2176827289,38,3,2176827289,725609096,0.8181818181818182
-3,-3,-3,-3,-3,-3,-3.0
50,2176827289,38,3,2176827289,725609096,0.8181818181818182
-3,-3,-3,-3,-3,-3,-3.0
50,2176827289,38,3,2176827289,725609096,0.8181818181818182
1,0,-1,0,-1,-1,-1.0
-3,-3,-3,-3,-3,-3,-3.0
1,0,-1,0,-1,-1,-1.0
-3,-3,-3,-3,-3,-3,-3.0
1,0,-1,0,-1,-1,-1.0
1,0,-1,0,-1,-1,-1.0
-3,-3,-3,-3,-3,-3,-3.0
-3,-3,-3,-3,-3,-3,-3.0
-3,-3,-3,-3,-3,-3,-3.0
-3,-3,-3,-3,-3,-3,-3.0
-3,-3,-3,-3,-3,-3,-3.0
-3,-3,-3,-3,-3,-3,-3.0
-3,-3,-3,-3,-3,-3,-3.0
-3,-3,-3,-3,-3,-3,-3.0
-3,-3,-3,-3,-3,-3,-3.0
-3,-3,-3,-3,-3,-3,-3.0
-3,-3,-3,-3,-3,-3,-3.0
-3,-3,-3,-3,-3,-3,-3.0
-3,-3,-3,-3,-3,-3,-3.0
1,9905106700,69,3,10177832700,3392610900,287.3333333333333
1,9905106700,69,3,10177832700,3392610900,287.3333333333333
-3,-3,-3,-3,-3,-3,-3.0
6,1421662913,15,3,1421662913,473887637,310.75
-3,-3,-3,-3,-3,-3,-3.0
6,1421662913,15,3,1421662913,473887637,310.75
-3,-3,-3,-3,-3,-3,-3.0
6,1421662913,15,3,1421662913,473887637,310.75
6,1421662913,15,3,1421662913,473887637,310.75
-3,-3,-3,-3,-3,-3,-3.0
1,0,-1,0,-1,-1,-1.0
-3,-3,-3,-3,-3,-3,-3.0
1,0,-1,0,-1,-1,-1.0
-3,-3,-3,-3,-3,-3,-3.0
-3,-3,-3,-3,-3,-3,-3.0
0,233087600,141,2,423137600,211568800,-71.0
-3,-3,-3,-3,-3,-3,-3.0
0,233087600,141,2,423137600,211568800,-71.0
-3,-3,-3,-3,-3,-3,-3.0
0,233087600,141,2,423137600,211568800,-71.0
-3,-3,-3,-3,-3,-3,-3.0
-3,-3,-3,-3,-3,-3,-3.0
8,300000000,19,2,724380000,362190000,86.11764705882354
-3,-3,-3,-3,-3,-3,-3.0
0,233087600,141,2,423137600,211568800,-71.0
-3,-3,-3,-3,-3,-3,-3.0
-3,-3,-3,-3,-3,-3,-3.0
-3,-3,-3,-3,-3,-3,-3.0
-3,-3,-3,-3,-3,-3,-3.0
8,300000000,19,2,724380000,362190000,86.11764705882354
-3,-3,-3,-3,-3,-3,-3.0
-3,-3,-3,-3,-3,-3,-3.0
-3,-3,-3,-3,-3,-3,-3.0
-3,-3,-3,-3,-3,-3,-3.0
-3,-3,-3,-3,-3,-3,-3.0
2,0,-1,0,-1,-1,-1.0
8,300000000,19,2,724380000,362190000,86.11764705882354
-3,-3,-3,-3,-3,-3,-3.0
2,0,-1,0,-1,-1,-1.0
-3,-3,-3,-3,-3,-3,-3.0
8,300000000,19,2,724380000,362190000,86.11764705882354
-3,-3,-3,-3,-3,-3,-3.0
-3,-3,-3,-3,-3,-3,-3.0
2,0,-1,0,-1,-1,-1.0
-3,-3,-3,-3,-3,-3,-3.0
-3,-3,-3,-3,-3,-3,-3.0
2,0,-1,0,-1,-1,-1.0
-3,-3,-3,-3,-3,-3,-3.0
-3,-3,-3,-3,-3,-3,-3.0
-3,-3,-3,-3,-3,-3,-3.0
1,0,-1,0,-1,-1,-1.0
-3,-3,-3,-3,-3,-3,-3.0
-3,-3,-3,-3,-3,-3,-3.0
1,0,-1,0,-1,-1,-1.0
-3,-3,-3,-3,-3,-3,-3.0
1,0,-1,0,-1,-1,-1.0
1,0,-1,0,-1,-1,-1.0
1,0,1730,0,-1,-1,0.0
-3,-3,-3,-3,-3,-3,-3.0
1,0,1730,0,-1,-1,0.0
-3,-3,-3,-3,-3,-3,-3.0
-3,-3,-3,-3,-3,-3,-3.0
-3,-3,-3,-3,-3,-3,-3.0
-3,-3,-3,-3,-3,-3,-3.0
2,0,726,0,-1,-1,451.5
-3,-3,-3,-3,-3,-3,-3.0
-3,-3,-3,-3,-3,-3,-3.0
0,0,-1,0,-1,-1,-1.0
2,0,726,0,-1,-1,451.5
-3,-3,-3,-3,-3,-3,-3.0
-3,-3,-3,-3,-3,-3,-3.0
0,0,-1,0,-1,-1,-1.0
-3,-3,-3,-3,-3,-3,-3.0
0,0,-1,0,-1,-1,-1.0
2,0,726,0,-1,-1,451.5
-3,-3,-3,-3,-3,-3,-3.0
2,0,726,0,-1,-1,451.5
0,0,-1,0,-1,-1,-1.0
-3,-3,-3,-3,-3,-3,-3.0
-3,-3,-3,-3,-3,-3,-3.0
0,0,-1,0,-1,-1,-1.0
0,0,-1,0,-1,-1,-1.0
-3,-3,-3,-3,-3,-3,-3.0
-3,-3,-3,-3,-3,-3,-3.0
4,0,-1,0,-1,-1,-1.0
-3,-3,-3,-3,-3,-3,-3.0
4,0,-1,0,-1,-1,-1.0
-3,-3,-3,-3,-3,-3,-3.0
4,0,-1,0,-1,-1,-1.0
-3,-3,-3,-3,-3,-3,-3.0
4,0,-1,0,-1,-1,-1.0
-3,-3,-3,-3,-3,-3,-3.0
0,0,434,0,-1,-1,0.0
-3,-3,-3,-3,-3,-3,-3.0
0,0,434,0,-1,-1,0.0
-3,-3,-3,-3,-3,-3,-3.0
0,0,434,0,-1,-1,0.0
-3,-3,-3,-3,-3,-3,-3.0
0,0,434,0,-1,-1,0.0
-3,-3,-3,-3,-3,-3,-3.0
-3,-3,-3,-3,-3,-3,-3.0
0,19384938046,209,1,19384938046,19384938046,0.0
-3,-3,-3,-3,-3,-3,-3.0
0,19384938046,209,1,19384938046,19384938046,0.0
-3,-3,-3,-3,-3,-3,-3.0
-3,-3,-3,-3,-3,-3,-3.0
0,19384938046,209,1,19384938046,19384938046,0.0
0,19384938046,209,1,19384938046,19384938046,0.0
1,10308484000,22,2,11508484000,5754242000,1223.0
1,10308484000,22,2,11508484000,5754242000,1223.0
-3,-3,-3,-3,-3,-3,-3.0
-3,-3,-3,-3,-3,-3,-3.0
5,3225259367,173,1,3225259367,3225259367,671.6666666666666
-3,-3,-3,-3,-3,-3,-3.0
-3,-3,-3,-3,-3,-3,-3.0
-3,-3,-3,-3,-3,-3,-3.0
5,3225259367,173,1,3225259367,3225259367,671.6666666666666
-3,-3,-3,-3,-3,-3,-3.0
-3,-3,-3,-3,-3,-3,-3.0
-3,-3,-3,-3,-3,-3,-3.0
5,3225259367,173,1,3225259367,3225259367,671.6666666666666
-3,-3,-3,-3,-3,-3,-3.0
5,3225259367,173,1,3225259367,3225259367,671.6666666666666
-3,-3,-3,-3,-3,-3,-3.0
-3,-3,-3,-3,-3,-3,-3.0
-3,-3,-3,-3,-3,-3,-3.0
2,0,993,0,-1,-1,146.6
2,28399988003,888,1,28399988003,28399988003,0.0
-3,-3,-3,-3,-3,-3,-3.0
-3,-3,-3,-3,-3,-3,-3.0
2,0,993,0,-1,-1,146.6
-3,-3,-3,-3,-3,-3,-3.0
2,28399988003,888,1,28399988003,28399988003,0.0
-3,-3,-3,-3,-3,-3,-3.0
-3,-3,-3,-3,-3,-3,-3.0
2,0,993,0,-1,-1,146.6
-3,-3,-3,-3,-3,-3,-3.0
2,28399988003,888,1,28399988003,28399988003,0.0
-3,-3,-3,-3,-3,-3,-3.0
2,0,993,0,-1,-1,146.6
-3,-3,-3,-3,-3,-3,-3.0
2,28399988003,888,1,28399988003,28399988003,0.0
0,389592220,471,2,465192220,232596110,113.71428571428571
-3,-3,-3,-3,-3,-3,-3.0
0,389592220,471,2,465192220,232596110,113.71428571428571
3,8065950137,123,2,8065950137,4032975068,104.71428571428571
-3,-3,-3,-3,-3,-3,-3.0
0,389592220,471,2,465192220,232596110,113.71428571428571
3,8065950137,123,2,8065950137,4032975068,104.71428571428571
-3,-3,-3,-3,-3,-3,-3.0
0,389592220,471,2,465192220,232596110,113.71428571428571
-3,-3,-3,-3,-3,-3,-3.0
-3,-3,-3,-3,-3,-3,-3.0
6,0,700,1,208232666,208232666,251.0
6,0,700,1,208232666,208232666,251.0
-3,-3,-3,-3,-3,-3,-3.0
0,389592220,471,2,465192220,232596110,113.71428571428571
0,389592220,471,2,465192220,232596110,113.71428571428571
-3,-3,-3,-3,-3,-3,-3.0
-3,-3,-3,-3,-3,-3,-3.0
3,700000000,6,1,700000000,700000000,0.0
-3,-3,-3,-3,-3,-3,-3.0
3,700000000,6,1,700000000,700000000,0.0
-3,-3,-3,-3,-3,-3,-3.0
3,700000000,6,1,700000000,700000000,0.0
-3,-3,-3,-3,-3,-3,-3.0
3,700000000,6,1,700000000,700000000,0.0
39,4348396530,179,5,4387728730,877545746,75.13793103448276
-3,-3,-3,-3,-3,-3,-3.0
1,8150077272,281,1,8150077272,8150077272,0.0
-3,-3,-3,-3,-3,-3,-3.0
1,8150077272,281,1,8150077272,8150077272,0.0
-3,-3,-3,-3,-3,-3,-3.0
1,8150077272,281,1,8150077272,8150077272,0.0
-3,-3,-3,-3,-3,-3,-3.0
1,8150077272,281,1,8150077272,8150077272,0.0
39,4348396530,179,5,4387728730,877545746,75.13793103448276
-3,-3,-3,-3,-3,-3,-3.0
-3,-3,-3,-3,-3,-3,-3.0
-3,-3,-3,-3,-3,-3,-3.0
4,1000000000,4,1,1000000000,1000000000,810.6666666666666
-3,-3,-3,-3,-3,-3,-3.0
4,1000000000,4,1,1000000000,1000000000,810.6666666666666
-3,-3,-3,-3,-3,-3,-3.0
4,1000000000,4,1,1000000000,1000000000,810.6666666666666
-3,-3,-3,-3,-3,-3,-3.0
0,0,-1,0,-1,-1,-1.0
-3,-3,-3,-3,-3,-3,-3.0
3,307403141,125,3,1101846741,367282247,97.25
2,0,-1,0,-1,-1,-1.0
4,1000000000,4,1,1000000000,1000000000,810.6666666666666
-3,-3,-3,-3,-3,-3,-3.0
0,0,-1,0,-1,-1,-1.0
-3,-3,-3,-3,-3,-3,-3.0
-3,-3,-3,-3,-3,-3,-3.0
-3,-3,-3,-3,-3,-3,-3.0
3,307403141,125,3,1101846741,367282247,97.25
2,0,-1,0,-1,-1,-1.0
-3,-3,-3,-3,-3,-3,-3.0
-3,-3,-3,-3,-3,-3,-3.0
3,307403141,125,3,1101846741,367282247,97.25
0,0,-1,0,-1,-1,-1.0
3,307403141,125,3,1101846741,367282247,97.25
0,0,-1,0,-1,-1,-1.0
2,0,-1,0,-1,-1,-1.0
-3,-3,-3,-3,-3,-3,-3.0
2,0,-1,0,-1,-1,-1.0
-3,-3,-3,-3,-3,-3,-3.0
0,0,187,1,309600000,309600000,170.0
0,0,187,1,309600000,309600000,170.0
2,3767550595,369,1,3767550595,3767550595,399.5
-3,-3,-3,-3,-3,-3,-3.0
-3,-3,-3,-3,-3,-3,-3.0
-3,-3,-3,-3,-3,-3,-3.0
2,3767550595,369,1,3767550595,3767550595,399.5
-3,-3,-3,-3,-3,-3,-3.0
0,1374999700,156,1,1374999700,1374999700,238.66666666666666
2,3767550595,369,1,3767550595,3767550595,399.5
-3,-3,-3,-3,-3,-3,-3.0
8,431182433,299,2,431182433,215591216,22.0
-3,-3,-3,-3,-3,-3,-3.0
2,3767550595,369,1,3767550595,3767550595,399.5
0,1374999700,156,1,1374999700,1374999700,238.66666666666666
-3,-3,-3,-3,-3,-3,-3.0
8,431182433,299,2,431182433,215591216,22.0
-3,-3,-3,-3,-3,-3,-3.0
-3,-3,-3,-3,-3,-3,-3.0
8,431182433,299,2,431182433,215591216,22.0
0,1374999700,156,1,1374999700,1374999700,238.66666666666666
-3,-3,-3,-3,-3,-3,-3.0
8,431182433,299,2,431182433,215591216,22.0
0,1374999700,156,1,1374999700,1374999700,238.66666666666666
1,7045370606,553,1,7045370606,7045370606,0.0
1,7045370606,553,1,7045370606,7045370606,0.0
2,3692414810,106,2,3692414810,1846207405,60.54545454545455
-3,-3,-3,-3,-3,-3,-3.0
-3,-3,-3,-3,-3,-3,-3.0
2,3692414810,106,2,3692414810,1846207405,60.54545454545455
2,41667400,680,1,41667400,41667400,118.0
39,4348396530,179,5,4387728730,877545746,75.13793103448276
2,41667400,680,1,41667400,41667400,118.0
-3,-3,-3,-3,-3,-3,-3.0
-3,-3,-3,-3,-3,-3,-3.0
-3,-3,-3,-3,-3,-3,-3.0
1,0,1356,0,-1,-1,155.5
1,7045370606,553,1,7045370606,7045370606,0.0
1,0,1356,0,-1,-1,155.5
2,0,-1,0,-1,-1,-1.0
1,7045370606,553,1,7045370606,7045370606,0.0
-3,-3,-3,-3,-3,-3,-3.0
39,4348396530,179,5,4387728730,877545746,75.13793103448276
2,0,-1,0,-1,-1,-1.0
-3,-3,-3,-3,-3,-3,-3.0
-3,-3,-3,-3,-3,-3,-3.0
2,0,-1,0,-1,-1,-1.0
-3,-3,-3,-3,-3,-3,-3.0
4,1000000000,4,1,1000000000,1000000000,810.6666666666666
-3,-3,-3,-3,-3,-3,-3.0
2,0,-1,0,-1,-1,-1.0
4,1000000000,4,1,1000000000,1000000000,810.6666666666666
-3,-3,-3,-3,-3,-3,-3.0
-3,-3,-3,-3,-3,-3,-3.0
5,136001300,29,1,136001300,136001300,8.5
-3,-3,-3,-3,-3,-3,-3.0
5,136001300,29,1,136001300,136001300,8.5
-3,-3,-3,-3,-3,-3,-3.0
5,136001300,29,1,136001300,136001300,8.5
5,136001300,29,1,136001300,136001300,8.5
-3,-3,-3,-3,-3,-3,-3.0
0,1008000000,113,2,1880874400,940437200,233.42857142857142
-3,-3,-3,-3,-3,-3,-3.0
-3,-3,-3,-3,-3,-3,-3.0
0,1008000000,113,2,1880874400,940437200,233.42857142857142
-3,-3,-3,-3,-3,-3,-3.0
0,1008000000,113,2,1880874400,940437200,233.42857142857142
1,0,309,0,-1,-1,0.0
0,1008000000,113,2,1880874400,940437200,233.42857142857142
1,0,309,0,-1,-1,0.0
-3,-3,-3,-3,-3,-3,-3.0
-3,-3,-3,-3,-3,-3,-3.0
0,0,2497,0,-1,-1,0.0
-3,-3,-3,-3,-3,-3,-3.0
1,0,-1,0,-1,-1,-1.0
-3,-3,-3,-3,-3,-3,-3.0
0,0,2497,0,-1,-1,0.0
-3,-3,-3,-3,-3,-3,-3.0
1,0,-1,0,-1,-1,-1.0
-3,-3,-3,-3,-3,-3,-3.0
1,0,-1,0,-1,-1,-1.0
0,0,2497,0,-1,-1,0.0
1,0,-1,0,-1,-1,-1.0
0,0,2497,0,-1,-1,0.0
-3,-3,-3,-3,-3,-3,-3.0
-3,-3,-3,-3,-3,-3,-3.0
5,3225259367,173,1,3225259367,3225259367,671.6666666666666
5,3225259367,173,1,3225259367,3225259367,671.6666666666666
2,364000000,34,2,639385500,319692750,331.5
-3,-3,-3,-3,-3,-3,-3.0
-3,-3,-3,-3,-3,-3,-3.0
2,364000000,34,2,639385500,319692750,331.5
-3,-3,-3,-3,-3,-3,-3.0
2,364000000,34,2,639385500,319692750,331.5
2,364000000,34,2,639385500,319692750,331.5
-3,-3,-3,-3,-3,-3,-3.0
-3,-3,-3,-3,-3,-3,-3.0
-3,-3,-3,-3,-3,-3,-3.0
11,11528774954,309,1,11528774954,11528774954,0.0
0,0,71,1,2854052300,2854052300,22.0
-3,-3,-3,-3,-3,-3,-3.0
11,11528774954,309,1,11528774954,11528774954,0.0
0,0,71,1,2854052300,2854052300,22.0
39,4348396530,179,5,4387728730,877545746,75.13793103448276
2,0,934,0,-1,-1,358.5
-3,-3,-3,-3,-3,-3,-3.0
2,0,934,0,-1,-1,358.5
-3,-3,-3,-3,-3,-3,-3.0
-3,-3,-3,-3,-3,-3,-3.0
2,0,934,0,-1,-1,358.5
-3,-3,-3,-3,-3,-3,-3.0
2,0,934,0,-1,-1,358.5
-3,-3,-3,-3,-3,-3,-3.0
0,456374022,206,2,490874022,245437011,3.0
-3,-3,-3,-3,-3,-3,-3.0
-3,-3,-3,-3,-3,-3,-3.0
0,456374022,206,2,490874022,245437011,3.0
-3,-3,-3,-3,-3,-3,-3.0
39,4348396530,179,5,4387728730,877545746,75.13793103448276
0,456374022,206,2,490874022,245437011,3.0
-3,-3,-3,-3,-3,-3,-3.0
0,11013249426,54,3,11016945426,3672315142,50.0
0,456374022,206,2,490874022,245437011,3.0
0,11013249426,54,3,11016945426,3672315142,50.0
-3,-3,-3,-3,-3,-3,-3.0
-3,-3,-3,-3,-3,-3,-3.0
-3,-3,-3,-3,-3,-3,-3.0
-3,-3,-3,-3,-3,-3,-3.0
-3,-3,-3,-3,-3,-3,-3.0
-3,-3,-3,-3,-3,-3,-3.0
-3,-3,-3,-3,-3,-3,-3.0
2,0,-1,0,-1,-1,-1.0
-3,-3,-3,-3,-3,-3,-3.0
2,0,-1,0,-1,-1,-1.0
-3,-3,-3,-3,-3,-3,-3.0
2,0,-1,0,-1,-1,-1.0
2,0,-1,0,-1,-1,-1.0
-3,-3,-3,-3,-3,-3,-3.0
-3,-3,-3,-3,-3,-3,-3.0
1,0,-1,0,-1,-1,-1.0
-3,-3,-3,-3,-3,-3,-3.0
1,0,-1,0,-1,-1,-1.0
-3,-3,-3,-3,-3,-3,-3.0
4,333333500,236,3,714833200,238277733,258.8333333333333
1,0,-1,0,-1,-1,-1.0
4,333333500,236,3,714833200,238277733,258.8333333333333
1,0,-1,0,-1,-1,-1.0
-3,-3,-3,-3,-3,-3,-3.0
1,0,-1,0,-1,-1,-1.0
-3,-3,-3,-3,-3,-3,-3.0
1,0,-1,0,-1,-1,-1.0
-3,-3,-3,-3,-3,-3,-3.0
1,0,-1,0,-1,-1,-1.0
-3,-3,-3,-3,-3,-3,-3.0
-3,-3,-3,-3,-3,-3,-3.0
1,0,-1,0,-1,-1,-1.0
13,0,-1,0,-1,-1,0.0
-3,-3,-3,-3,-3,-3,-3.0
-3,-3,-3,-3,-3,-3,-3.0
0,591134623,177,2,709934623,354967311,405.5
13,0,-1,0,-1,-1,0.0
-3,-3,-3,-3,-3,-3,-3.0
-3,-3,-3,-3,-3,-3,-3.0
0,591134623,177,2,709934623,354967311,405.5
-3,-3,-3,-3,-3,-3,-3.0
-3,-3,-3,-3,-3,-3,-3.0
1,3369374993,50,2,3382404327,1691202163,315.0
13,0,-1,0,-1,-1,0.0
-3,-3,-3,-3,-3,-3,-3.0
0,591134623,177,2,709934623,354967311,405.5
1,3369374993,50,2,3382404327,1691202163,315.0
13,0,-1,0,-1,-1,0.0
-3,-3,-3,-3,-3,-3,-3.0
0,591134623,177,2,709934623,354967311,405.5
-3,-3,-3,-3,-3,-3,-3.0
1,3369374993,50,2,3382404327,1691202163,315.0
1,3369374993,50,2,3382404327,1691202163,315.0
4,1947640089,15,7,2129569889,304224269,-27.88888888888889
4,1947640089,15,7,2129569889,304224269,-27.88888888888889
-3,-3,-3,-3,-3,-3,-3.0
2,0,4,1,314000000,314000000,57.148148148148145
-3,-3,-3,-3,-3,-3,-3.0
0,0,370,0,-1,-1,728.3333333333334
-3,-3,-3,-3,-3,-3,-3.0
2,0,4,1,314000000,314000000,57.148148148148145
-3,-3,-3,-3,-3,-3,-3.0
0,0,370,0,-1,-1,728.3333333333334
-3,-3,-3,-3,-3,-3,-3.0
2,0,4,1,314000000,314000000,57.148148148148145
0,0,370,0,-1,-1,728.3333333333334
-3,-3,-3,-3,-3,-3,-3.0
2,0,4,1,314000000,314000000,57.148148148148145
0,0,370,0,-1,-1,728.3333333333334
-3,-3,-3,-3,-3,-3,-3.0
-3,-3,-3,-3,-3,-3,-3.0
2,0,934,0,-1,-1,358.5
2,0,934,0,-1,-1,358.5
-3,-3,-3,-3,-3,-3,-3.0
-3,-3,-3,-3,-3,-3,-3.0
-3,-3,-3,-3,-3,-3,-3.0
0,591134623,177,2,709934623,354967311,405.5
-3,-3,-3,-3,-3,-3,-3.0
0,591134623,177,2,709934623,354967311,405.5
3,0,82,0,-1,-1,104.55555555555556
-3,-3,-3,-3,-3,-3,-3.0
-3,-3,-3,-3,-3,-3,-3.0
-3,-3,-3,-3,-3,-3,-3.0
-3,-3,-3,-3,-3,-3,-3.0
3,0,82,0,-1,-1,104.55555555555556
-3,-3,-3,-3,-3,-3,-3.0
-3,-3,-3,-3,-3,-3,-3.0
-3,-3,-3,-3,-3,-3,-3.0
3,0,82,0,-1,-1,104.55555555555556
-3,-3,-3,-3,-3,-3,-3.0
-3,-3,-3,-3,-3,-3,-3.0
3,0,82,0,-1,-1,104.55555555555556
-3,-3,-3,-3,-3,-3,-3.0
-3,-3,-3,-3,-3,-3,-3.0
-3,-3,-3,-3,-3,-3,-3.0
-3,-3,-3,-3,-3,-3,-3.0
0,0,357,1,163599931,163599931,0.0
-3,-3,-3,-3,-3,-3,-3.0
5,1162641874,27,5,1162641874,232528374,-4.357142857142857
-3,-3,-3,-3,-3,-3,-3.0
-3,-3,-3,-3,-3,-3,-3.0
0,0,357,1,163599931,163599931,0.0
-3,-3,-3,-3,-3,-3,-3.0
5,1162641874,27,5,1162641874,232528374,-4.357142857142857
1,-1,-1,0,-1,-1,0.0
0,0,357,1,163599931,163599931,0.0
1,-1,-1,0,-1,-1,0.0
-3,-3,-3,-3,-3,-3,-3.0
0,0,357,1,163599931,163599931,0.0
2,1361270216,421,2,1361270216,680635108,193.25
-3,-3,-3,-3,-3,-3,-3.0
2,1361270216,421,2,1361270216,680635108,193.25
2,0,-1,0,-1,-1,-1.0
-3,-3,-3,-3,-3,-3,-3.0
2,0,-1,0,-1,-1,-1.0
-3,-3,-3,-3,-3,-3,-3.0
2,0,-1,0,-1,-1,-1.0
2,0,4,1,314000000,314000000,57.148148148148145
-3,-3,-3,-3,-3,-3,-3.0
-3,-3,-3,-3,-3,-3,-3.0
-3,-3,-3,-3,-3,-3,-3.0
-3,-3,-3,-3,-3,-3,-3.0
2,0,-1,0,-1,-1,-1.0
2,0,4,1,314000000,314000000,57.148148148148145
-3,-3,-3,-3,-3,-3,-3.0
-3,-3,-3,-3,-3,-3,-3.0
2,0,4,1,314000000,314000000,57.148148148148145
0,205400000,351,1,205400000,205400000,0.0
1,0,-1,0,-1,-1,-1.0
-3,-3,-3,-3,-3,-3,-3.0
4,4491314039,56,5,6303498395,1260699679,55.95
2,0,4,1,314000000,314000000,57.148148148148145
1,1469998800,15,1,1469998800,1469998800,339.0
0,205400000,351,1,205400000,205400000,0.0
-3,-3,-3,-3,-3,-3,-3.0
-3,-3,-3,-3,-3,-3,-3.0
1,0,-1,0,-1,-1,-1.0
0,205400000,351,1,205400000,205400000,0.0
4,4491314039,56,5,6303498395,1260699679,55.95
1,1469998800,15,1,1469998800,1469998800,339.0
-3,-3,-3,-3,-3,-3,-3.0
0,205400000,351,1,205400000,205400000,0.0
2,707319423,223,1,707319423,707319423,143.14285714285714
-3,-3,-3,-3,-3,-3,-3.0
-3,-3,-3,-3,-3,-3,-3.0
2,707319423,223,1,707319423,707319423,143.14285714285714
-3,-3,-3,-3,-3,-3,-3.0
2,707319423,223,1,707319423,707319423,143.14285714285714
-3,-3,-3,-3,-3,-3,-3.0
2,707319423,223,1,707319423,707319423,143.14285714285714
-3,-3,-3,-3,-3,-3,-3.0
2,0,-1,0,-1,-1,-1.0
-3,-3,-3,-3,-3,-3,-3.0
-3,-3,-3,-3,-3,-3,-3.0
2,0,-1,0,-1,-1,-1.0
-3,-3,-3,-3,-3,-3,-3.0
3,0,0,1,411000000,411000000,550.3333333333334
2,0,-1,0,-1,-1,-1.0
-3,-3,-3,-3,-3,-3,-3.0
2,0,-1,0,-1,-1,-1.0
-3,-3,-3,-3,-3,-3,-3.0
3,0,0,1,411000000,411000000,550.3333333333334
-3,-3,-3,-3,-3,-3,-3.0
2,0,-1,0,-1,-1,-1.0
3,0,1700,0,-1,-1,151.6
2,0,-1,0,-1,-1,-1.0
-3,-3,-3,-3,-3,-3,-3.0
-3,-3,-3,-3,-3,-3,-3.0
3,0,0,1,411000000,411000000,550.3333333333334
-3,-3,-3,-3,-3,-3,-3.0
-3,-3,-3,-3,-3,-3,-3.0
3,0,1700,0,-1,-1,151.6
-3,-3,-3,-3,-3,-3,-3.0
3,0,0,1,411000000,411000000,550.3333333333334
-3,-3,-3,-3,-3,-3,-3.0
2,0,-1,0,-1,-1,-1.0
-3,-3,-3,-3,-3,-3,-3.0
3,0,1700,0,-1,-1,151.6
2,0,-1,0,-1,-1,-1.0
3,0,1700,0,-1,-1,151.6
0,0,299,1,196974000,196974000,0.0
-3,-3,-3,-3,-3,-3,-3.0
0,0,299,1,196974000,196974000,0.0
-3,-3,-3,-3,-3,-3,-3.0
4,0,51,1,204446666,204446666,0.0
0,0,299,1,196974000,196974000,0.0
-3,-3,-3,-3,-3,-3,-3.0
0,0,299,1,196974000,196974000,0.0
4,0,51,1,204446666,204446666,0.0
-3,-3,-3,-3,-3,-3,-3.0
-3,-3,-3,-3,-3,-3,-3.0
-3,-3,-3,-3,-3,-3,-3.0
4,0,51,1,204446666,204446666,0.0
4,0,51,1,204446666,204446666,0.0
2,0,-1,0,-1,-1,-1.0
-3,-3,-3,-3,-3,-3,-3.0
-3,-3,-3,-3,-3,-3,-3.0
-3,-3,-3,-3,-3,-3,-3.0
2,0,-1,0,-1,-1,-1.0
-3,-3,-3,-3,-3,-3,-3.0
-3,-3,-3,-3,-3,-3,-3.0
-3,-3,-3,-3,-3,-3,-3.0
2,0,-1,0,-1,-1,-1.0
-3,-3,-3,-3,-3,-3,-3.0
2,0,-1,0,-1,-1,-1.0
-3,-3,-3,-3,-3,-3,-3.0
-3,-3,-3,-3,-3,-3,-3.0
-3,-3,-3,-3,-3,-3,-3.0
-3,-3,-3,-3,-3,-3,-3.0
1,1121317,70,1,1121317,1121317,0.0
-3,-3,-3,-3,-3,-3,-3.0
0,-1,807,0,-1,-1,0.0
1,1121317,70,1,1121317,1121317,0.0
-3,-3,-3,-3,-3,-3,-3.0
-3,-3,-3,-3,-3,-3,-3.0
0,-1,807,0,-1,-1,0.0
-3,-3,-3,-3,-3,-3,-3.0
-3,-3,-3,-3,-3,-3,-3.0
-3,-3,-3,-3,-3,-3,-3.0
1,1121317,70,1,1121317,1121317,0.0
0,31022042493,68,1,31022042493,31022042493,0.0
-3,-3,-3,-3,-3,-3,-3.0
1,1121317,70,1,1121317,1121317,0.0
0,-1,807,0,-1,-1,0.0
0,31022042493,68,1,31022042493,31022042493,0.0
-3,-3,-3,-3,-3,-3,-3.0
0,-1,807,0,-1,-1,0.0
0,31022042493,68,1,31022042493,31022042493,0.0
-3,-3,-3,-3,-3,-3,-3.0
0,31022042493,68,1,31022042493,31022042493,0.0
7,953687751,74,2,970354417,485177208,522.5
0,426275198,139,3,426275198,142091732,229.14285714285714
-3,-3,-3,-3,-3,-3,-3.0
0,426275198,139,3,426275198,142091732,229.14285714285714
7,953687751,74,2,970354417,485177208,522.5
-3,-3,-3,-3,-3,-3,-3.0
7,1148778676,54,2,1148778676,574389338,455.25
7,953687751,74,2,970354417,485177208,522.5
-3,-3,-3,-3,-3,-3,-3.0
7,1148778676,54,2,1148778676,574389338,455.25
7,953687751,74,2,970354417,485177208,522.5
-3,-3,-3,-3,-3,-3,-3.0
-3,-3,-3,-3,-3,-3,-3.0
7,1148778676,54,2,1148778676,574389338,455.25
-3,-3,-3,-3,-3,-3,-3.0
7,1148778676,54,2,1148778676,574389338,455.25
1,250000000,84,1,250000000,250000000,590.5
-3,-3,-3,-3,-3,-3,-3.0
1,250000000,84,1,250000000,250000000,590.5
-3,-3,-3,-3,-3,-3,-3.0
1,250000000,84,1,250000000,250000000,590.5
-3,-3,-3,-3,-3,-3,-3.0
1,250000000,84,1,250000000,250000000,590.5
-3,-3,-3,-3,-3,-3,-3.0
-3,-3,-3,-3,-3,-3,-3.0
-3,-3,-3,-3,-3,-3,-3.0
-3,-3,-3,-3,-3,-3,-3.0
-3,-3,-3,-3,-3,-3,-3.0
-3,-3,-3,-3,-3,-3,-3.0
-3,-3,-3,-3,-3,-3,-3.0
-3,-3,-3,-3,-3,-3,-3.0
5,32700000000,13,1,32700000000,32700000000,185.22222222222223
-3,-3,-3,-3,-3,-3,-3.0
-3,-3,-3,-3,-3,-3,-3.0
5,32700000000,13,1,32700000000,32700000000,185.22222222222223
-3,-3,-3,-3,-3,-3,-3.0
0,0,370,0,-1,-1,728.3333333333334
6,0,282,0,-1,-1,97.33333333333333
0,0,187,1,309600000,309600000,170.0
-3,-3,-3,-3,-3,-3,-3.0
-3,-3,-3,-3,-3,-3,-3.0
0,0,370,0,-1,-1,728.3333333333334
0,0,1063,0,-1,-1,0.0
6,0,282,0,-1,-1,97.33333333333333
0,0,187,1,309600000,309600000,170.0
-3,-3,-3,-3,-3,-3,-3.0
-3,-3,-3,-3,-3,-3,-3.0
-3,-3,-3,-3,-3,-3,-3.0
-3,-3,-3,-3,-3,-3,-3.0
6,0,282,0,-1,-1,97.33333333333333
0,0,1063,0,-1,-1,0.0
-3,-3,-3,-3,-3,-3,-3.0
6,0,282,0,-1,-1,97.33333333333333
-3,-3,-3,-3,-3,-3,-3.0
0,0,1063,0,-1,-1,0.0
8,0,4,3,410000000,136666666,65.27777777777777
0,0,1063,0,-1,-1,0.0
-3,-3,-3,-3,-3,-3,-3.0
-3,-3,-3,-3,-3,-3,-3.0
8,0,4,3,410000000,136666666,65.27777777777777
-3,-3,-3,-3,-3,-3,-3.0
3,0,0,1,411000000,411000000,550.3333333333334
1,1483485809,294,2,1483485809,741742904,356.8
8,0,4,3,410000000,136666666,65.27777777777777
3,0,0,1,411000000,411000000,550.3333333333334
8,0,4,3,410000000,136666666,65.27777777777777
1,1483485809,294,2,1483485809,741742904,356.8
-3,-3,-3,-3,-3,-3,-3.0
-3,-3,-3,-3,-3,-3,-3.0
1,0,1330,0,-1,-1,175.0
-3,-3,-3,-3,-3,-3,-3.0
-3,-3,-3,-3,-3,-3,-3.0
-3,-3,-3,-3,-3,-3,-3.0
1,0,1330,0,-1,-1,175.0
-3,-3,-3,-3,-3,-3,-3.0
-3,-3,-3,-3,-3,-3,-3.0
-3,-3,-3,-3,-3,-3,-3.0
-3,-3,-3,-3,-3,-3,-3.0
-3,-3,-3,-3,-3,-3,-3.0
1,0,1330,0,-1,-1,175.0
-3,-3,-3,-3,-3,-3,-3.0
2,0,122,0,-1,-1,0.0
-3,-3,-3,-3,-3,-3,-3.0
1,0,1330,0,-1,-1,175.0
-3,-3,-3,-3,-3,-3,-3.0
-3,-3,-3,-3,-3,-3,-3.0
0,0,1357,0,-1,-1,34.5
2,0,122,0,-1,-1,0.0
-3,-3,-3,-3,-3,-3,-3.0
-3,-3,-3,-3,-3,-3,-3.0
0,3281945205,151,1,3281945205,3281945205,0.0
0,0,195,1,151200000,151200000,545.3333333333334
-3,-3,-3,-3,-3,-3,-3.0
-3,-3,-3,-3,-3,-3,-3.0
-3,-3,-3,-3,-3,-3,-3.0
-3,-3,-3,-3,-3,-3,-3.0
0,0,1357,0,-1,-1,34.5
1,491809096,118,2,491809096,245904548,169.33333333333334
-3,-3,-3,-3,-3,-3,-3.0
0,0,195,1,151200000,151200000,545.3333333333334
-3,-3,-3,-3,-3,-3,-3.0
0,3281945205,151,1,3281945205,3281945205,0.0
-3,-3,-3,-3,-3,-3,-3.0
-3,-3,-3,-3,-3,-3,-3.0
-3,-3,-3,-3,-3,-3,-3.0
0,0,1357,0,-1,-1,34.5
1,491809096,118,2,491809096,245904548,169.33333333333334
0,0,1357,0,-1,-1,34.5
-3,-3,-3,-3,-3,-3,-3.0
0,3281945205,151,1,3281945205,3281945205,0.0
1,0,-1,0,-1,-1,-1.0
0,3281945205,151,1,3281945205,3281945205,0.0
-3,-3,-3,-3,-3,-3,-3.0
1,0,-1,0,-1,-1,-1.0
-3,-3,-3,-3,-3,-3,-3.0
12,3319227081,71,7,3319227081,474175297,96.0
12,3319227081,71,7,3319227081,474175297,96.0
1,0,-1,0,-1,-1,-1.0
1,0,-1,0,-1,-1,-1.0
-3,-3,-3,-3,-3,-3,-3.0
-3,-3,-3,-3,-3,-3,-3.0
-3,-3,-3,-3,-3,-3,-3.0
2,4681739639,88,5,4681739639,936347927,90.2
3,1923205715,168,2,1992205715,996102857,62.916666666666664
2,10435758829,172,1,10435758829,10435758829,1166.5
-3,-3,-3,-3,-3,-3,-3.0
-3,-3,-3,-3,-3,-3,-3.0
2,4681739639,88,5,4681739639,936347927,90.2
3,1923205715,168,2,1992205715,996102857,62.916666666666664
2,10435758829,172,1,10435758829,10435758829,1166.5
-3,-3,-3,-3,-3,-3,-3.0
-3,-3,-3,-3,-3,-3,-3.0
-3,-3,-3,-3,-3,-3,-3.0
2,10435758829,172,1,10435758829,10435758829,1166.5
3,1923205715,168,2,1992205715,996102857,62.916666666666664
2,10435758829,172,1,10435758829,10435758829,1166.5
3,1923205715,168,2,1992205715,996102857,62.916666666666664
0,0,-1,0,-1,-1,-1.0
-3,-3,-3,-3,-3,-3,-3.0
0,0,-1,0,-1,-1,-1.0
-3,-3,-3,-3,-3,-3,-3.0
-3,-3,-3,-3,-3,-3,-3.0
0,0,-1,0,-1,-1,-1.0
0,0,-1,0,-1,-1,-1.0
2,0,1160,0,-1,-1,392.0
-3,-3,-3,-3,-3,-3,-3.0
2,0,1160,0,-1,-1,392.0
-3,-3,-3,-3,-3,-3,-3.0
2,0,1160,0,-1,-1,392.0
-3,-3,-3,-3,-3,-3,-3.0
2,0,1160,0,-1,-1,392.0
-3,-3,-3,-3,-3,-3,-3.0
-3,-3,-3,-3,-3,-3,-3.0
0,11942774100,95,4,12181990300,3045497575,132.14285714285714
-3,-3,-3,-3,-3,-3,-3.0
-3,-3,-3,-3,-3,-3,-3.0
-3,-3,-3,-3,-3,-3,-3.0
0,11942774100,95,4,12181990300,3045497575,132.14285714285714
-3,-3,-3,-3,-3,-3,-3.0
0,1494204,1023,1,1494204,1494204,20.0
0,11942774100,95,4,12181990300,3045497575,132.14285714285714
0,1494204,1023,1,1494204,1494204,20.0
0,11942774100,95,4,12181990300,3045497575,132.14285714285714
-3,-3,-3,-3,-3,-3,-3.0
-3,-3,-3,-3,-3,-3,-3.0
-3,-3,-3,-3,-3,-3,-3.0
-3,-3,-3,-3,-3,-3,-3.0
-3,-3,-3,-3,-3,-3,-3.0
-3,-3,-3,-3,-3,-3,-3.0
-3,-3,-3,-3,-3,-3,-3.0
2,0,-1,0,-1,-1,-1.0
-3,-3,-3,-3,-3,-3,-3.0
2,0,-1,0,-1,-1,-1.0
-3,-3,-3,-3,-3,-3,-3.0
-3,-3,-3,-3,-3,-3,-3.0
2,0,-1,0,-1,-1,-1.0
2,0,-1,0,-1,-1,-1.0
-3,-3,-3,-3,-3,-3,-3.0
0,0,187,1,309600000,309600000,170.0
-3,-3,-3,-3,-3,-3,-3.0
0,0,187,1,309600000,309600000,170.0
6,0,378,0,-1,-1,0.0
6,0,378,0,-1,-1,0.0
1,0,147,0,-1,-1,309.5
-3,-3,-3,-3,-3,-3,-3.0
1,0,147,0,-1,-1,309.5
5,2655000001,68,2,2657874667,1328937333,104.5
-3,-3,-3,-3,-3,-3,-3.0
5,2655000001,68,2,2657874667,1328937333,104.5
-3,-3,-3,-3,-3,-3,-3.0
0,0,-1,0,-1,-1,-1.0
0,0,-1,0,-1,-1,-1.0
1,250000000,84,1,250000000,250000000,590.5
-3,-3,-3,-3,-3,-3,-3.0
1,250000000,84,1,250000000,250000000,590.5
-3,-3,-3,-3,-3,-3,-3.0
-3,-3,-3,-3,-3,-3,-3.0
-3,-3,-3,-3,-3,-3,-3.0
-3,-3,-3,-3,-3,-3,-3.0
5,0,8,1,22288000,22288000,265.4
-3,-3,-3,-3,-3,-3,-3.0
5,0,8,1,22288000,22288000,265.4
-3,-3,-3,-3,-3,-3,-3.0
2,0,2519,0,-1,-1,835.3333333333334
-3,-3,-3,-3,-3,-3,-3.0
33,1046032985,48,1,1046032985,1046032985,251.5
1,0,1062,0,-1,-1,72.9
5,0,8,1,22288000,22288000,265.4
-3,-3,-3,-3,-3,-3,-3.0
-3,-3,-3,-3,-3,-3,-3.0
2,0,2519,0,-1,-1,835.3333333333334
-3,-3,-3,-3,-3,-3,-3.0
-3,-3,-3,-3,-3,-3,-3.0
33,1046032985,48,1,1046032985,1046032985,251.5
1,0,1062,0,-1,-1,72.9
5,0,8,1,22288000,22288000,265.4
-3,-3,-3,-3,-3,-3,-3.0
-3,-3,-3,-3,-3,-3,-3.0
2,0,2519,0,-1,-1,835.3333333333334
-3,-3,-3,-3,-3,-3,-3.0
33,1046032985,48,1,1046032985,1046032985,251.5
-3,-3,-3,-3,-3,-3,-3.0
2,0,2519,0,-1,-1,835.3333333333334
-3,-3,-3,-3,-3,-3,-3.0
-3,-3,-3,-3,-3,-3,-3.0
33,1046032985,48,1,1046032985,1046032985,251.5
-3,-3,-3,-3,-3,-3,-3.0
-3,-3,-3,-3,-3,-3,-3.0
0,7269311925,1557,1,7269311925,7269311925,139.2
-3,-3,-3,-3,-3,-3,-3.0
-3,-3,-3,-3,-3,-3,-3.0
18,3055510510,15,5,3314651254,662930250,-5.4
0,7269311925,1557,1,7269311925,7269311925,139.2
18,3055510510,15,5,3314651254,662930250,-5.4
1,0,-1,0,-1,-1,-1.0
-3,-3,-3,-3,-3,-3,-3.0
-3,-3,-3,-3,-3,-3,-3.0
0,967499164,172,2,967499164,483749582,234.66666666666666
1,0,-1,0,-1,-1,-1.0
-3,-3,-3,-3,-3,-3,-3.0
-3,-3,-3,-3,-3,-3,-3.0
1,0,-1,0,-1,-1,-1.0
-3,-3,-3,-3,-3,-3,-3.0
0,967499164,172,2,967499164,483749582,234.66666666666666
-3,-3,-3,-3,-3,-3,-3.0
-3,-3,-3,-3,-3,-3,-3.0
1,0,-1,0,-1,-1,-1.0
-3,-3,-3,-3,-3,-3,-3.0
-3,-3,-3,-3,-3,-3,-3.0
-3,-3,-3,-3,-3,-3,-3.0
0,259607921,267,2,259607921,129803960,283.5
0,259607921,267,2,259607921,129803960,283.5
0,297334099,257,1,297334099,297334099,592.0
-3,-3,-3,-3,-3,-3,-3.0
0,297334099,257,1,297334099,297334099,592.0
-3,-3,-3,-3,-3,-3,-3.0
0,297334099,257,1,297334099,297334099,592.0
-3,-3,-3,-3,-3,-3,-3.0
0,297334099,257,1,297334099,297334099,592.0
-3,-3,-3,-3,-3,-3,-3.0
-3,-3,-3,-3,-3,-3,-3.0
-3,-3,-3,-3,-3,-3,-3.0
-3,-3,-3,-3,-3,-3,-3.0
0,2845763433,146,3,3685763433,1228587811,198.33333333333334
0,2845763433,146,3,3685763433,1228587811,198.33333333333334
-3,-3,-3,-3,-3,-3,-3.0
9,737240233,39,5,1403840233,280768046,116.57142857142857
2,0,-1,0,-1,-1,-1.0
-3,-3,-3,-3,-3,-3,-3.0
2,0,-1,0,-1,-1,-1.0
-3,-3,-3,-3,-3,-3,-3.0
9,737240233,39,5,1403840233,280768046,116.57142857142857
-3,-3,-3,-3,-3,-3,-3.0
0,297334099,257,1,297334099,297334099,592.0
-3,-3,-3,-3,-3,-3,-3.0
2,0,-1,0,-1,-1,-1.0
0,297334099,257,1,297334099,297334099,592.0
0,18187711912,817,1,18187711912,18187711912,137.33333333333334
-3,-3,-3,-3,-3,-3,-3.0
2,0,2519,0,-1,-1,835.3333333333334
-3,-3,-3,-3,-3,-3,-3.0
-3,-3,-3,-3,-3,-3,-3.0
2,0,-1,0,-1,-1,-1.0
-3,-3,-3,-3,-3,-3,-3.0
-3,-3,-3,-3,-3,-3,-3.0
2,0,2519,0,-1,-1,835.3333333333334
0,18187711912,817,1,18187711912,18187711912,137.33333333333334
-3,-3,-3,-3,-3,-3,-3.0
-3,-3,-3,-3,-3,-3,-3.0
-3,-3,-3,-3,-3,-3,-3.0
-3,-3,-3,-3,-3,-3,-3.0
0,18187711912,817,1,18187711912,18187711912,137.33333333333334
-3,-3,-3,-3,-3,-3,-3.0
-3,-3,-3,-3,-3,-3,-3.0
-3,-3,-3,-3,-3,-3,-3.0
0,18187711912,817,1,18187711912,18187711912,137.33333333333334
0,0,1359,0,-1,-1,153.5
-3,-3,-3,-3,-3,-3,-3.0
-3,-3,-3,-3,-3,-3,-3.0
-3,-3,-3,-3,-3,-3,-3.0
33,1046032985,48,1,1046032985,1046032985,251.5
0,0,1359,0,-1,-1,153.5
-3,-3,-3,-3,-3,-3,-3.0
33,1046032985,48,1,1046032985,1046032985,251.5
-3,-3,-3,-3,-3,-3,-3.0
-3,-3,-3,-3,-3,-3,-3.0
0,0,1639,0,-1,-1,0.0
-3,-3,-3,-3,-3,-3,-3.0
0,0,1359,0,-1,-1,153.5
-3,-3,-3,-3,-3,-3,-3.0
-3,-3,-3,-3,-3,-3,-3.0
-3,-3,-3,-3,-3,-3,-3.0
-3,-3,-3,-3,-3,-3,-3.0
0,0,1359,0,-1,-1,153.5
0,0,1639,0,-1,-1,0.0
-3,-3,-3,-3,-3,-3,-3.0
-3,-3,-3,-3,-3,-3,-3.0
0,505555560,309,1,505555560,505555560,0.0
0,0,1639,0,-1,-1,0.0
-3,-3,-3,-3,-3,-3,-3.0
-3,-3,-3,-3,-3,-3,-3.0
2,0,-1,0,-1,-1,-1.0
0,0,1639,0,-1,-1,0.0
0,505555560,309,1,505555560,505555560,0.0
-3,-3,-3,-3,-3,-3,-3.0
-3,-3,-3,-3,-3,-3,-3.0
-3,-3,-3,-3,-3,-3,-3.0
-3,-3,-3,-3,-3,-3,-3.0
0,505555560,309,1,505555560,505555560,0.0
2,0,-1,0,-1,-1,-1.0
-3,-3,-3,-3,-3,-3,-3.0
-3,-3,-3,-3,-3,-3,-3.0
0,505555560,309,1,505555560,505555560,0.0
-3,-3,-3,-3,-3,-3,-3.0
2,0,-1,0,-1,-1,-1.0
0,0,-1,0,-1,-1,-1.0
-3,-3,-3,-3,-3,-3,-3.0
2,0,-1,0,-1,-1,-1.0
-3,-3,-3,-3,-3,-3,-3.0
0,0,-1,0,-1,-1,-1.0
-3,-3,-3,-3,-3,-3,-3.0
-3,-3,-3,-3,-3,-3,-3.0
0,0,-1,0,-1,-1,-1.0
-3,-3,-3,-3,-3,-3,-3.0
0,0,1359,0,-1,-1,153.5
0,0,-1,0,-1,-1,-1.0
2,1766563873,155,1,1766563873,1766563873,441.0
0,0,1359,0,-1,-1,153.5
2,1766563873,155,1,1766563873,1766563873,441.0
-3,-3,-3,-3,-3,-3,-3.0
-3,-3,-3,-3,-3,-3,-3.0
2,0,-1,0,-1,-1,-1.0
-3,-3,-3,-3,-3,-3,-3.0
2,0,-1,0,-1,-1,-1.0
-3,-3,-3,-3,-3,-3,-3.0
3,1930703189,49,3,1930703189,643567729,339.6
3,1930703189,49,3,1930703189,643567729,339.6
2,0,-1,0,-1,-1,-1.0
2,0,-1,0,-1,-1,-1.0
-3,-3,-3,-3,-3,-3,-3.0
-3,-3,-3,-3,-3,-3,-3.0
0,217320883,729,1,217320883,217320883,524.0
-3,-3,-3,-3,-3,-3,-3.0
0,217320883,729,1,217320883,217320883,524.0
-3,-3,-3,-3,-3,-3,-3.0
-3,-3,-3,-3,-3,-3,-3.0
-3,-3,-3,-3,-3,-3,-3.0
0,217320883,729,1,217320883,217320883,524.0
-3,-3,-3,-3,-3,-3,-3.0
-3,-3,-3,-3,-3,-3,-3.0
-3,-3,-3,-3,-3,-3,-3.0
-3,-3,-3,-3,-3,-3,-3.0
